{
  "circles": {
    "NN + Scale Invariant": 0.4175,
    "NN + L2": 0.5575,
    "NN + Offset Invariant": 0.385
  },
  "moons": {
    "NN + Scale Invariant": 0.185,
    "NN + L2": 0.5425000000000001,
    "NN + Offset Invariant": 0.225
  },
  "linear": {
    "NN + Scale Invariant": 0.12250000000000001,
    "NN + L2": 0.545,
    "NN + Offset Invariant": 0.16750000000000004
  },
  "xor": {
    "NN + Scale Invariant": 0.255,
    "NN + L2": 0.53,
    "NN + Offset Invariant": 0.29250000000000004
  }
}