{
  "logistic": {
    "timit": [0.20253164556962025, 0.22820919175911253, 0.22503961965134706, 0.22503961965134706, 0.20602218700475436],
    "elsdsr": [0.025316455696202531, 0.028933092224231464, 0.039783001808318265, 0.030797101449275364, 0.02717391304347826]
  }
}
