{
  "logistic": {
    "timit": [0.76656626506024095, 0.77209302325581397, 0.77070063694267521, 0.81877022653721687, 0.85024958402662232],
    "elsdsr": [0.3172905525846702, 0.37589928057553956, 0.37681159420289856, 0.31454545454545457, 0.30698529411764708]
  },
  "dieleman": {
    "timit": [0.97289156626506024, 0.97209302325581393, 0.95222929936305734, 0.98381877022653719, 0.94176372712146428],
    "elsdsr": [0.54723707664884136, 0.60251798561151082, 0.57971014492753625, 0.54909090909090907, 0.57352941176470584]
  },
  "dieleman + L2": {
    "timit": [0.93524096385542166, 0.92558139534883721, 0.96019108280254772, 0.93851132686084138, 0.96173044925124795],
    "elsdsr": [0.5757575757575758, 0.55935251798561147, 0.53804347826086951, 0.49636363636363634, 0.59007352941176472]
  },
  "dieleman + Scale Invarient": {
    "timit": [0.98042168674698793, 0.97054263565891474, 0.97611464968152861, 0.970873786407767, 0.96672212978369387],
    "elsdsr": [0.6381461675579323, 0.66366906474820142, 0.55072463768115942, 0.57272727272727275, 0.77573529411764708]
  },
  "dieleman + Offset Invarient": {
    "timit": [0.97590361445783136, 0.96589147286821708, 0.97452229299363058, 0.97411003236245952, 0.96672212978369387],
    "elsdsr": [0.79679144385026734, 0.58273381294964033, 0.59057971014492749, 0.58545454545454545, 0.58272058823529416]
  }
}
