{
  "Baseline": {
    "timit": 0.354,
    "elsdsr": 0.465
  },
  "Logistic": {
    "timit": [0.087025316455696208, 0.093502377179080817, 0.098256735340728998, 0.083993660855784469, 0.10776545166402536],
    "elsdsr": [0.025316455696202531, 0.028933092224231464, 0.039783001808318265, 0.030797101449275364, 0.02717391304347826]
  },
  "GMM on MFCC": {
    "timit": [0.18556701030927836, 0.19175257731958764, 0.21030927835051547, 0.21074380165289255, 0.16322314049586778],
    "elsdsr": [0.16590909090909092, 0.12528473804100229, 0.14123006833712984, 0.13698630136986301, 0.13242009132420091]
  },
  "Dieleman": {
    "timit": [0.096518987341772153, 0.077654516640253565, 0.1045958795562599, 0.095087163232963554, 0.090332805071315372],
    "elsdsr": [0.021699819168173599, 0.027124773960216998, 0.027124773960216998, 0.021739130434782608, 0.032608695652173912]
  },
  "Dieleman + L2": {
    "timit": [0.11392405063291139, 0.12519809825673534, 0.1045958795562599, 0.10301109350237718, 0.12519809825673534],
    "elsdsr": [0.028933092224231464, 0.04701627486437613, 0.04701627486437613, 0.039855072463768113, 0.016304347826086956]
  },
  "Dieleman + Scale": {
    "timit": [0.11075949367088607, 0.11568938193343899, 0.093502377179080817, 0.12678288431061807, 0.10618066561014262],
    "elsdsr": [0.025316455696202531, 0.019891500904159132, 0.021699819168173599, 0.016304347826086956, 0.028985507246376812]
  },
  "Dieleman + Offset": {
    "timit": [0.099683544303797472, 0.11727416798732171, 0.10935023771790808, 0.1045958795562599, 0.10301109350237718],
    "elsdsr": [0.014466546112115732, 0.019891500904159132, 0.028933092224231464, 0.028985507246376812, 0.043478260869565216]
  }
}
